COUNTRY,Counts,dist_to_country_min,dist_to_country_max,dist_spread,variance,avg_pairwise,maxmin_pairwise,std_pairwise,median_pairwise,trans_avg_pairwise,trans_maxmin_pairwise,trans_quantile_pairwise,trans_std_pairwise,trans_median_pairwise,top5_cum_variance,num_cluster,cluster_ratio
USA,446783,0.0,0.8622969432535822,0.8622969432535822,56.26445396258537,0.042540278320147076,1.0,0.03145425230389204,0.03661274911917045,0.30230663579247163,11.252064620994183,1.734037774294411,0.5345484786932613,0.30235607082733273,0.6766732019847178,6.0,2.4202427420263684
Canada,44437,0.0,0.8347553608742825,0.8347553608742825,56.64358082338872,0.042595596392037395,1.0,0.02955603495718999,0.0369108081306867,0.3031163389051068,11.277141703996246,1.704609856701087,0.5236888569319313,0.30309910957570413,0.6763172416700195,6.0,2.399759710273832
UK,31650,0.0,0.796869848377662,0.796869848377662,58.97282732488241,0.04526289043037598,1.0,0.03340681012820882,0.03879583195947023,0.30798033924001833,11.31055383503019,1.7341810193375675,0.5350582742415719,0.30774510218875556,0.685211964237654,5.0,2.3062911787131832
Australia,25610,0.0,0.787513414867292,0.787513414867292,56.165208328712716,0.04234031556158045,1.0,0.032988427930914374,0.03608509931530601,0.30126559975195544,13.151862003477339,1.7579171060781276,0.5430424544146956,0.3010347836015707,0.6867701716073851,6.0,2.485464091216668
Indonesia,20774,0.0,0.8308156641739839,0.8308156641739839,39.7773096119126,0.030538624876159496,1.0,0.028380564560596004,0.02513321192157547,0.27164190435345187,11.319641939984654,1.9449418298910905,0.5993600555392831,0.271476128906604,0.6907626020877504,8.0,2.9384635794858367
Vietnam,19548,0.0,0.8187104330110639,0.8187104330110639,68.95401531967717,0.06546643591444404,0.9999832932361207,0.13439872201204622,0.030300074016847645,0.29497493774631617,10.999696897826984,3.7659504768253003,0.9269816965410078,0.28599168754592874,0.7885174387947842,4.0,1.9910002577144503
India,15008,0.0,0.8343500832382004,0.8343500832382004,53.6702460783421,0.03737902324106489,1.0,0.03651706325577939,0.03066485037842981,0.2878679402840186,11.150377087891632,1.859243508930871,0.5779500191108041,0.2869738430171388,0.6986034547650467,7.0,2.6994881101470662
Philippines,14297,0.0,0.8289552486550429,0.8289552486550429,44.290499805284796,0.03205034826532359,1.0,0.027852396993476348,0.02692212641653613,0.27663371122249136,11.341964042007273,1.8505620844075232,0.5709652459187717,0.2766399596098817,0.689155548960549,7.0,2.702970370589442
Brazil,13210,0.0,0.9084046937937132,0.9084046937937132,78.35099393938276,0.05924758471411542,1.0,0.128770520898658,0.027040898355463305,0.2817665854018275,12.74601994102756,2.946577723576287,1.018847995482538,0.27697750975529406,0.8369720746065598,4.0,2.056148227594948
Singapore,8451,0.0,0.22530943222435384,0.22530943222435384,47.889790322933905,0.03708623117401801,0.41199661584594194,0.021021609306304652,0.03223711961236597,0.29089925011010126,10.53972498679532,1.7680962626778753,0.5379072658223859,0.29115160792708705,0.6766740563559196,6.0,2.533590278316254
Germany,7590,0.0,0.839023451769916,0.839023451769916,57.58302803204747,0.04385111349228172,0.9999870583734078,0.03825431352305937,0.037316259510546734,0.30436646309784177,11.255061574151899,1.7203330894820636,0.5353065086895178,0.3041060888709288,0.6842560722552518,5.0,2.3769853652370787
Norway,7492,0.0,0.84758990913932,0.84758990913932,56.027341071379176,0.04181182511798873,0.956421201842505,0.026683644237477995,0.0365285739479102,0.30220487550236624,11.163321795425569,1.6762727194341118,0.5122061639771497,0.30214579622847976,0.6694236938625904,5.0,2.3534970025104722
Netherlands,5976,0.0022380471010894354,0.7923387137682868,0.7901006666671974,48.35428533663842,0.037555949534549694,0.999886051385472,0.02829986144189681,0.032245222309930655,0.29106521861028545,9.079762960942732,1.7651342958231226,0.5423891941933519,0.29117291329261,0.6685967103575747,7.0,2.679310636910937
China,5378,0.0,0.833896311552822,0.833896311552822,45.10907071780761,0.03319395435327492,1.0,0.03885756591671838,0.02682908764391606,0.27718345359096297,10.579151118957762,1.8597874991173562,0.5847663864770124,0.2763752811448065,0.6972319503400829,4.0,2.1355400432453138
New Zealand,4711,0.0,0.863502055780057,0.863502055780057,105.48704159165936,0.11174864983693009,1.0,0.20530661229370376,0.03948351631002789,0.3339054779843117,14.753093591563177,3.7998422990768566,1.0420176585777363,0.3094200010510876,0.8139181554264446,4.0,2.010541454983647
Ireland,4672,0.0,0.6269750153431897,0.6269750153431897,57.56715015734644,0.0429386101614239,0.7867349466016775,0.027383806645265484,0.03705416437930231,0.30317689833079353,7.304393179654447,1.7883478052975605,0.5462012252200961,0.3034556435038907,0.6957685232401498,7.0,2.6941888283971207
Sweden,4628,0.0,0.39647828714517597,0.39647828714517597,57.71915851658409,0.044233792647095316,0.6152483794630204,0.02519729516797899,0.03864888683249301,0.30724381408368345,9.398484180540894,1.7141722759764888,0.5224483674747445,0.3073861222115287,0.6759122818603287,5.0,2.3419243619446513
France,3876,0.0,0.7755693790822442,0.7755693790822442,56.94527358173773,0.042608200879261864,0.9154480077609707,0.02835613300536798,0.037198858690546066,0.3036392003243765,10.486932334361885,1.6898056770979517,0.5173520506008872,0.30381495592464736,0.6719110032243191,6.0,2.588574601220698
Italy,3834,0.0,0.55785245561353,0.55785245561353,54.52109119337764,0.04034657525937464,0.6709843202894955,0.02644850756823729,0.03492047249807628,0.2982209808850769,10.764829679566137,1.7077398895546696,0.5251666432759874,0.2980908458280202,0.6761732259249417,5.0,2.3914935181048746
Malaysia,3819,0.0,0.5465804484909456,0.5465804484909456,45.19443131351545,0.03499116735222428,0.6716966399070793,0.023448904189322134,0.030048528114926032,0.2851027213590769,10.955422112400532,1.8078112031445355,0.5521756627931275,0.285311458509203,0.6657564600505638,7.0,2.700064682792712
,3532,0.0,0.7626777737327164,0.7626777737327164,51.99009853710092,0.0409455514704384,0.8928801872178748,0.05273105638172162,0.03351546552372875,0.2692682597295958,10.824167901320697,6.450731510938272,1.5713800201884514,0.2944878523863438,0.7144428580231366,2.0,1.9137944282723287
Finland,3452,0.0,0.3088954850628548,0.3088954850628548,55.576948680002936,0.04361251393343813,0.45550329378554577,0.024351688367883668,0.03821128244202143,0.30619579046674233,10.318373110599092,1.695394285239003,0.5166929119138876,0.3063139462918147,0.6755708993834361,5.0,2.382681551738084
Thailand,3449,0.0013721552494980749,0.6808974215801911,0.679525266330693,27.119508477839055,0.021735173273154322,0.8185370047169865,0.021254075990415913,0.017722804243231915,0.24911339880463457,9.623660548094225,1.896595040409359,0.582149932269672,0.24796033449351199,0.6066545537983279,4.0,2.0540013914747832
South Africa,3137,0.0,0.7081560693987117,0.7081560693987117,55.818093202569585,0.041048214223931234,0.8578270952876282,0.027571783391498912,0.03586422681669099,0.30046505914070176,6.981849584805074,1.6647063206194535,0.5106147428554897,0.3004794196201112,0.66818315766752,6.0,2.55687434689911
Romania,3107,0.0,0.5394995861529388,0.5394995861529388,55.08596419382538,0.040113604731267564,0.7051543336450624,0.026595571970704356,0.034293825389358545,0.2966962370239756,11.06104686212185,1.7933257142145989,0.5491628223564855,0.29649044625071996,0.6984776922232556,5.0,2.3864017561978903
Mexico,3106,0.0018285574837817453,0.1164164996145649,0.11458794213078316,51.710299932190864,0.039006894674970816,0.3055700554778522,0.022740543002463996,0.03368461959826452,0.2944581325416864,10.214429779408986,1.8329792245290526,0.5558287703881347,0.29492313961584143,0.684922657818704,7.0,2.8386916744930897
Hong Kong,3063,0.0,0.5115978171178157,0.5115978171178157,45.87963936443495,0.03502966811728434,0.6316413022375578,0.028072997633066765,0.029571843332029557,0.2842725021369597,10.57288011409379,1.7772296308607292,0.5536164635374027,0.2840156603399226,0.681960420641588,7.0,2.768629836911701
Poland,2193,0.0,0.11155160417232546,0.11155160417232546,62.94934603532624,0.04883071376831279,0.29913134345656833,0.026523719333126274,0.04285913661031515,0.3169880919237065,9.999750276425218,1.7257473587647194,0.5244048495900726,0.31747680271482076,0.6899755357782749,6.0,2.6741005467640626
Denmark,2095,0.0029073803921877417,0.5598630875705471,0.5569557071783594,55.29814184472925,0.042193171287121876,0.6777740403409553,0.0283031955048674,0.03649220724613966,0.3018894140003172,9.583069369777334,1.7382282721306077,0.533936356936164,0.30205489078283776,0.6843584904478335,6.0,2.6290682215264094
South Korea,2085,0.0,0.15310054080755842,0.15310054080755842,48.689123469962304,0.03682309086096081,0.2898498563165671,0.022331536008697004,0.031293325443504494,0.2883564447037821,9.911637946490858,1.9033051581356828,0.587056932566816,0.2886543999463418,0.6918084183770248,7.0,2.782400127436051
Pakistan,1998,0.0,0.7581719316585688,0.7581719316585688,52.036473607757095,0.035353973910192786,0.9998299549764654,0.03234588559236557,0.029838518572339434,0.28532594778071996,8.679447311658073,1.7286405531351186,0.5382907035023614,0.2847416772493254,0.6855242495754039,8.0,2.938439295655817
Turkey,1960,0.0,0.8360729160356944,0.8360729160356944,79.52780008702302,0.06971043497796989,0.9999877065453788,0.12484821649491791,0.03615695641009342,0.3109428539382962,11.306443581845377,3.4801570133211968,0.8480163875926503,0.30121516973115814,0.779800503656562,4.0,2.10840575574578
Portugal,1947,0.0,0.8400494703802599,0.8400494703802599,57.51400544964331,0.04042403753066669,0.9519031413317455,0.03862935702682704,0.03337483158388055,0.29428554655520867,11.139929914889077,1.8642046093972446,0.5843073448342503,0.2941216948264397,0.7216866645707938,3.0,1.939735262045669
Spain,1924,0.0,0.6767941513617967,0.6767941513617967,58.298544504293645,0.04281838900982752,0.9999856337864877,0.03754421824591302,0.035609275054123535,0.30076829405924416,11.150631392090817,1.7952248773198654,0.5597749586319408,0.2998366663899876,0.6959519384754155,6.0,2.7016422512708163
Greece,1838,0.0,0.4017177819193313,0.4017177819193313,53.26183489210347,0.039310274604082325,0.5350861302968428,0.024518220916127317,0.03415808830477873,0.29616713108595016,7.227262259232811,1.706638185123365,0.5226279384490438,0.2961422255962411,0.6636341303647986,7.0,2.7098304867373257
Belgium,1667,0.0,0.8176360320652114,0.8176360320652114,56.90560324785731,0.04342357600994074,0.9993693065642365,0.04367425792702534,0.036187146693008376,0.3018683458510387,7.368690652207564,1.731192985107028,0.548309249486001,0.3012909152497942,0.6870097961965014,5.0,2.3943754011423013
Russian Federation,1577,0.0,0.812074371319697,0.812074371319697,59.74925621315559,0.04696114045644702,0.9999484202031749,0.04443611138331074,0.03913977923883338,0.3090440087278221,9.872380496543073,1.7895336743289705,0.560745358775573,0.30858331044733395,0.6969121998472523,6.0,2.5625840632392323
Israel,1368,0.0,0.33928732287374563,0.33928732287374563,62.01673750690391,0.04222556429669964,0.48574990787278527,0.0298441960924241,0.03559498890482038,0.3003952268404467,10.46331319025089,1.7965089304638342,0.5579299390497242,0.2998005955366995,0.7131927345400287,5.0,2.4087272044215657
Croatia,1256,0.0,0.08608194464316987,0.08608194464316987,54.649902269391966,0.0407066738273055,0.2126873897395425,0.021674962337408107,0.035881774011052026,0.3000035645033229,5.487119169321695,1.710202786301183,0.5189647923122062,0.30052359021948694,0.6864808956600228,7.0,3.040733796841682
Serbia,1225,0.002813615995662877,0.5647299054243822,0.5619162894287193,55.394035131522834,0.041981973388567975,0.6992817817304378,0.0329544960181908,0.03556353224015274,0.29881091247290575,8.096081861883336,1.8833887022054925,0.58292474509727,0.29972115070203637,0.699865742656454,6.0,2.786078293636054
Chile,1164,0.0,0.15222974804624634,0.15222974804624634,50.38482710146156,0.036302493597996366,0.2604974822154653,0.02760187336334598,0.028434943295009063,0.27910070369931816,9.866352487613378,2.4262826320664015,0.747408565740715,0.28088810699490757,0.734074886760208,4.0,2.5838986363856535
Argentina,1107,0.0,0.49920613660706536,0.49920613660706536,61.17224909050615,0.044924611512263006,0.6866460722334035,0.03703716339302369,0.037719416539552575,0.30573962079659,7.9518888981039515,1.7459210698931336,0.5490036472553942,0.30510312842461856,0.6972700856421031,3.0,2.0548248561708284
Japan,1106,0.0,0.42011369120378206,0.42011369120378206,52.266670860463975,0.04087726502237211,0.5513833593184787,0.028354541588434302,0.03495319280567516,0.29810758077359406,9.53294300337677,1.7866267868859498,0.5510760746792832,0.29817408972847953,0.6775321419643375,7.0,2.7024634872031266
Austria,1068,0.0,0.854574171205208,0.854574171205208,67.9775606140554,0.054175351362769346,0.999837848868489,0.07836674394963435,0.04010666813674174,0.3139710532379164,8.726981747060961,1.8144998558948289,0.6176965102418273,0.3109247124978133,0.7238525938352444,3.0,1.8363332198366737
Switzerland,1064,0.0,0.102961049599822,0.102961049599822,54.976846336347336,0.04128534902563172,0.24426494751394678,0.02291236637896896,0.03576101918477681,0.3006682297232368,8.78476171433713,1.7430260857480793,0.5281548319039677,0.30021944584916016,0.673707292626238,7.0,2.917110447163987
Afghanistan,959,0.0,0.8643286516262629,0.8643286516262629,67.83941435125823,0.05490853898083278,1.0,0.09510711511098244,0.03773199035250174,0.30873276081589784,10.96101431558603,1.8617482214936336,0.658081039210912,0.3051343139744259,0.7252837689403542,5.0,2.3975657081715305
Albania,890,0.0,0.8368697682785977,0.8368697682785977,71.90794405195167,0.05526250750847975,1.0,0.09950261805853804,0.0357194988270183,0.3052114608105649,11.08240348844517,1.9145470500852415,0.6967119411506207,0.3001147918405754,0.7538857222640325,6.0,2.6314403805477222
Egypt,864,0.0033376811533307738,0.6349056152409771,0.6315679340876463,60.33365929410043,0.04223184879741805,0.744860497716675,0.043104196551020456,0.03457083561498292,0.298011631638739,8.824938606873024,1.7582995216499544,0.5661185357321454,0.29719945694792643,0.7128348157229512,3.0,1.8445472692977096
Trinidad and Tobago,831,0.0,0.4957768671680931,0.4957768671680931,50.22833417612173,0.035857630819561184,0.6216459040517671,0.030355591642711715,0.030415117983479956,0.2867783010197345,6.735870803438092,1.6944203016922406,0.5322553642065072,0.28630198253044625,0.679100498179393,7.0,2.7781194163343077
Bulgaria,828,0.0,0.46839616490031843,0.46839616490031843,56.839763645105684,0.042156474602873716,0.6202274114625786,0.03206772101029411,0.03576190907194632,0.30043402921535306,8.523494872965562,1.7704663026013954,0.549936325764099,0.30022168870071575,0.6936072710580065,6.0,2.7195540896329446
Latvia,811,0.0026838834659795863,0.12352532026936736,0.12084143680338777,45.321239150885184,0.03604844459824002,0.2644071469809508,0.021202756194357804,0.031062244225785685,0.2881178865203296,5.455235863951078,1.7824872705556198,0.5428351776697036,0.2880381603636822,0.6617012179869718,5.0,2.537167927146383
Lithuania,799,0.004233039311493991,0.08312700484559754,0.07889396553410355,53.572229159428495,0.04084098086535698,0.20512055344957147,0.021077128161836555,0.03627173597707212,0.3010385590709562,5.35726673155745,1.649985509683093,0.5022005631762482,0.3015030108206977,0.6829033539883373,6.0,2.5841120463056324
Iran,782,0.0,0.7061942435230744,0.7061942435230744,63.545595465413676,0.0433731643136669,0.9999749065927267,0.05547095787457436,0.03388754637262448,0.2970860807204282,10.592905404761478,1.8417690341839763,0.5976545608629975,0.2954464875242873,0.7365720123416138,5.0,2.463331459532954
Kenya,748,0.0019288859833671568,0.6146050451299219,0.6126761591465547,54.23327048884768,0.03715534811054589,0.7270498549749879,0.037924786047974016,0.03026816035890645,0.28523373611212155,6.664860764767524,1.9990734326190105,0.6237138353907281,0.28590552120292256,0.712230794048972,7.0,2.9541783744658234
United Arab Emirate,734,0.0,0.2254294550855509,0.2254294550855509,55.677030451583505,0.039207196322362095,0.3219733415664835,0.02403916798025279,0.033696347118875036,0.2951254758557623,5.28862919364361,1.7696116378874058,0.5421041544871912,0.29495341999092717,0.6916540952413655,6.0,2.6328040850649517
Saudi Arabia,707,0.0,0.6976464182940243,0.6976464182940243,54.5978560947182,0.0398501680540239,0.999667413554521,0.05574196809791271,0.030887194732764356,0.289040184656466,8.008610745256101,1.827188475846051,0.594236715738964,0.287570049939756,0.7028719532788917,5.0,2.439903121915481
Hungary,691,0.0,0.11035321489747019,0.11035321489747019,63.0095219876771,0.046056391306026595,0.28709726034439464,0.02558354867831574,0.04023174689258491,0.3106946252350021,10.134451960674948,1.7607048429285275,0.5348932406896214,0.3112260282194409,0.702073281628674,6.0,2.687278121089495
Taiwan,685,0.0,0.06950097570102265,0.06950097570102265,46.2165507943517,0.03311902836583709,0.22355452663504793,0.01867796407750765,0.028621925046237118,0.28173507811825355,9.86285585314134,1.7558597593093959,0.5340166926256815,0.2814061786383223,0.6835726685047548,7.0,2.756747901137121
Ukraine,682,0.0,0.0966907635961538,0.0966907635961538,55.73614459368712,0.040299514844896855,0.26749308655485415,0.02253902143509227,0.035186758145617114,0.2981275447766794,6.0467008673833496,1.7714721705764047,0.539685392190668,0.29876739422582443,0.687458572731582,6.0,2.699536217636264
Nigeria,682,0.0,0.8445821971748182,0.8445821971748182,51.835788639627594,0.038058184340006185,0.9556471107641968,0.059552685642923736,0.029263286997173066,0.28441709987799785,8.803247047268263,1.8014235723484933,0.5943211179988239,0.28317208388666026,0.7019868762374147,7.0,2.7613384893369752
Colombia,646,0.0,0.40443503709888773,0.40443503709888773,61.6384515792985,0.04243257026826383,0.5304294458765848,0.03775792584886396,0.034089456720005185,0.29685228082577436,8.43048126948364,1.9689383072898057,0.6166795885958918,0.2959659430920169,0.7406252224664711,4.0,2.260190266618988
Czech Republic,622,0.004315273070828574,0.08601718702873296,0.08170191395790438,56.76604429902683,0.04506483345444658,0.26404981279076134,0.024515649387396095,0.039318166476568495,0.30905375277418157,7.505784931104359,1.7213184477504457,0.5261493989310156,0.3090169334418142,0.6893863264604342,5.0,2.410262020244964
Lebanon,619,0.002203290893172505,0.09259578171251204,0.09039249081933953,49.90029827978113,0.03609646633551258,0.19477650489841225,0.019946421427496377,0.03129952053474738,0.2890870752334856,4.870525155017312,1.7330841755651383,0.5262863226797668,0.2886708942575766,0.6669762209638902,6.0,2.5540985776428555
Bangladesh,615,0.0,0.8319110103030642,0.8319110103030642,54.812676027488436,0.03913201478631824,0.999752402472674,0.062359914975164916,0.029676788072941385,0.2854663039199361,8.303706003770948,1.8533681013484027,0.6113190712157307,0.2843017054703379,0.7057756164745174,7.0,2.85793295700521
Puerto Rico,606,0.0,0.07763409840662239,0.07763409840662239,55.38789485814816,0.03773855599818721,0.21797070404833707,0.019724523763983693,0.03346115677926609,0.29375544712615687,6.617756279831381,1.6774248297035221,0.5091799138067093,0.294345330788904,0.6903800582723721,3.0,1.8628818040966817
Algeria,573,0.0,0.6824085707723297,0.6824085707723297,73.8391222991945,0.05391072293907651,0.9195624983996986,0.07865560875546465,0.037408238116119596,0.30921963015962944,7.428795247814058,1.8631239979082204,0.6549871376154942,0.304333928634016,0.7564019203870949,5.0,2.369010446564776
Estonia,533,0.003167353589889066,0.1750639460478326,0.17189659245794353,53.20215368134441,0.04186101536743497,0.3453468667304942,0.024735109696634783,0.036093814551322545,0.30106560166547686,5.600319204418511,1.7838982411264404,0.5438506170161872,0.30105666943583237,0.6863089613756066,5.0,2.4894855921453938
Slovenia,511,0.004215864044712414,0.06488600207322082,0.0606701380285084,51.031557084442106,0.03864927700585884,0.21921662235417128,0.02028481671422845,0.03412819314820792,0.2959364749055412,4.781521277750899,1.6617684435382691,0.5048789196419947,0.29606545666923834,0.6679994210256897,4.0,2.181484691025979
Slovakia,505,0.005045903415920372,0.11530851978444823,0.11026261636852785,56.483557198181714,0.04516352513308784,0.28932776718208253,0.026269649369611462,0.03871314071203136,0.3083007805424781,6.193097160329838,1.7740341530414083,0.539956206441478,0.30754315557345663,0.6891879813673255,8.0,3.039632467002156
Venezuela,480,0.004079836864324116,0.11403218921640912,0.109952352352085,52.65733060076647,0.0376170634640917,0.274458793054129,0.02239412138293703,0.03224735077465246,0.29114310530574494,4.585390610167652,1.8270901314916062,0.5572546695084915,0.29117850954171753,0.697409700920351,6.0,2.5559265005943774
Peru,440,0.0023547299799525634,0.7866220676606652,0.7842673376807127,64.48553585634731,0.05129113341755493,0.9995276895645386,0.09913005296966516,0.031184463812027496,0.2941652241241013,7.6578740863214,1.9983560134775002,0.7220481930084214,0.2883643322648422,0.7661001478823343,6.0,2.7320247149769585
Iceland,376,0.0,0.6236896200840052,0.6236896200840052,56.41506568563173,0.04190239159870671,0.7281952331576759,0.04804424672306516,0.03476340216954321,0.2978836642622531,6.03694416520874,1.6502813780405328,0.5387833498529059,0.2976908028523977,0.7035628697027048,9.0,3.3818970295737394
Malta,336,0.003409043063730355,0.06722600546940771,0.06381696240567736,54.90104336815446,0.039095322014374656,0.19320326761111872,0.02094166884816027,0.03437199661531498,0.29646619500978244,4.859091650638522,1.700499614394524,0.5163549149135562,0.2966907325134731,0.6837721715798981,6.0,2.513096869893625
Ecuador,314,0.0030826151669008928,0.10157505482707507,0.09849243966017418,51.006088489643666,0.03696989956180505,0.20598013738033127,0.021520648673775632,0.03179095791582953,0.29007246181482715,5.469930006694758,1.7958846836871998,0.5486228018628462,0.2899749815818761,0.6704811851250454,8.0,3.116161510002523
Columbia,306,0.003004379650622835,0.5491924169335645,0.5461880372829416,51.00313531353135,0.038492854019753706,0.6655714525280929,0.04675419745455273,0.030357794780962788,0.286923138896291,7.034608021099126,1.8734473112698335,0.6071143180558496,0.2861474340313664,0.6924023170222898,3.0,2.209528559756036
Dominican Republic,304,0.002743838406592203,0.07060673759242042,0.06786289918582822,47.93392607760988,0.036001740854499864,0.1738029352641851,0.019343151423264742,0.03149358603366137,0.2893880715518874,4.845682510299666,1.7018541260102116,0.5153722326970938,0.28918689382986346,0.6621046240131981,3.0,1.8465972153331243
Costa Rica,292,0.0029299311162224173,0.11262127651114762,0.1096913453949252,53.06939115123019,0.040693909194893074,0.21885831777600362,0.02327519448987917,0.035334955704804716,0.29880299690271156,4.238700506845531,1.7755992733627721,0.540314566096491,0.2991430247771169,0.685477046287649,7.0,2.8551741826612655
Jamaica,287,0.0,0.0647080988519595,0.0647080988519595,52.183780508619215,0.03592812490277389,0.1700763532463161,0.01864143942611028,0.031916799757103265,0.2895970461594819,4.407683447288193,1.6780509093168208,0.5100410919011698,0.2903075508897834,0.6821392509659947,3.0,1.9370871296784322
Nepal,283,0.003547778384658473,0.06769802539443581,0.06415024700977734,50.99620084052198,0.03345920371023076,0.15255173675372724,0.017550571274672667,0.02952435632971473,0.2838061596284427,4.697811086696031,1.661895114603713,0.5052102007407153,0.28388608221849343,0.6887355318544327,4.0,2.08358899408531
Morocco,279,0.003211927279461624,0.6281409668083995,0.6249290395289379,62.05049110049922,0.04573936297699457,0.7165126626210438,0.05552931618571547,0.0363925377951419,0.30285852299569904,10.968682310074954,1.7683944987743967,0.5823385666503943,0.3018055640561577,0.7211064193673735,7.0,2.8568831438260145
Panama,270,0.0038078390810140084,0.44236447048699734,0.43855663140598333,58.499576719576716,0.04319958234428272,0.5582971828649893,0.04678631935078375,0.03301287813428733,0.2963219519091896,5.235065074494186,1.8912842993184995,0.6143510130711992,0.29318140267423626,0.7135888500177388,3.0,2.053157084627838
Jordan,270,0.0,0.06092963327737333,0.06092963327737333,54.75520251145078,0.03808102620890784,0.1523017602380875,0.019451709302194524,0.03384086127447705,0.29485427467684044,4.542267272076677,1.6502407772209877,0.5026840862370655,0.2953262006375398,0.683889355254025,8.0,3.0154679874187953
Uganda,259,0.0023654076168401206,0.0894083193072367,0.08704291169039657,45.661043693067775,0.034940794311757624,0.19594951640045566,0.020657135462267488,0.030235010850031663,0.2843987988794754,5.1543090292593225,1.9340659047121398,0.5803332720305353,0.2858159768829633,0.678752991549085,2.0,1.6768075058383636
Syria,259,0.0044829647657045335,0.07341844578862222,0.06893548102291769,51.41304936285399,0.0393472270096387,0.20135728095610927,0.0201177816934048,0.034916061178136226,0.2981391413532341,6.751306250362319,1.602002985345127,0.4903809176926991,0.29807962055740894,0.6648315844189465,7.0,2.785314852758765
Bosnia Herzogovinia,257,0.003206646300450311,0.11919358759689846,0.11598694129644815,58.7196979918595,0.0430628829044789,0.21126450627440363,0.024195873752439798,0.03753230060126356,0.30440756752831133,4.519294794160055,1.7295934919749483,0.5304416365447833,0.30464089629867525,0.6980790847085945,3.0,1.8977431242582732
Bahamas,233,0.0,0.860208614386544,0.860208614386544,101.52326150445967,0.08216203844745729,0.999837848868489,0.1478696634755208,0.038331248823459785,0.32195910294674257,8.726981747060961,3.4807674960595327,0.8935275602645608,0.3066083463082935,0.8170732754822206,3.0,1.9242532566368216
Andorra,233,0.0,0.5078779899624168,0.5078779899624168,76.61476484300012,0.053622538810206274,0.6595787405325646,0.06031343633993956,0.04023364555489045,0.31462705794514795,6.1306603797480665,1.9517323998219935,0.633758718776772,0.31123059932066743,0.7449260525796979,5.0,2.4095675484840093
Zimbabwe,230,0.0,0.7275685379332909,0.7275685379332909,74.36362818656487,0.048251356164652086,0.8643191240903815,0.0713045696430426,0.0355896541931387,0.30291682348059357,5.615690330312145,1.8629758407769925,0.6178726393013665,0.2997871243706054,0.7697226476790342,4.0,2.104645932590974
Yugoslavia,229,0.00241159940032476,0.10471048542467476,0.10229888602435,53.31479377592294,0.03943782741334462,0.2294264237058785,0.022544339601940414,0.034252082906985504,0.29635893706119243,4.750527623698026,1.7478371711314091,0.5307874583075844,0.2963834197305347,0.6732701026793317,4.0,2.238903008646044
Cyprus,213,0.003571725497839684,0.6432103035696537,0.639638578071814,56.893540782649694,0.0422166202730369,0.7488298989309996,0.06384835045142256,0.03219880332434111,0.29320750676206625,5.572830786501262,1.6614520543893243,0.5721034636410915,0.2910508281357415,0.7100766972672009,4.0,2.11195262117584
Burma(Myanmar),198,0.0031300485401087874,0.5854809595791469,0.5823509110390381,52.39774813213486,0.04098143180063854,0.6973257840266492,0.06126124826187788,0.03059782928477084,0.2878532068449957,5.886818567417547,1.8862791015834919,0.6329242644984948,0.28679376011291824,0.7128818646368558,5.0,2.496059376491688
Sri Lanka,195,0.0038182887117544917,0.04709388376454493,0.04327559505279044,49.84463937621832,0.03611682875782852,0.14401137429918642,0.018491481977287495,0.03219134649437472,0.2901982310800509,3.9394913138641097,1.670655536857811,0.5070509344946914,0.2910312093011549,0.6716692542494715,6.0,2.7987902543315197
Angola,187,0.0,0.848391147880928,0.848391147880928,120.80468961087855,0.12162278415451509,1.0,0.2294390181227756,0.042155143226966285,0.3406377427697584,5.472311679450513,3.9660339834032707,1.0591577387729578,0.3159344557759594,0.8550294594949578,3.0,2.340463040113376
Kuwait,183,0.004007013369522694,0.07203716133393934,0.06803014796441664,53.76787870043047,0.037198872413422346,0.19752679454325994,0.020533825467839363,0.03221965150073369,0.29157095337758854,4.59836864270465,1.7513268024773727,0.5289372418241146,0.2911056693779192,0.6979551130419697,3.0,1.8245260318257828
Georgia,173,0.0025535194660596394,0.09389189940630738,0.09133837994024774,57.21111366715231,0.044111630761221085,0.22384452386506992,0.0252939375009686,0.038530707894703364,0.30523560969255015,7.4701245272666315,1.8681491406040118,0.5700767340639842,0.30709703571620184,0.6932960397235842,4.0,2.2076483544208076
Iraq,165,0.0,0.7405198527876963,0.7405198527876963,78.29601182815468,0.05134502930849518,0.8526320303661926,0.08512038613917251,0.03736847672635457,0.3044758912130278,5.9237074882844345,1.884592839485312,0.6555312480342074,0.3042354628328479,0.7770969494566947,3.0,1.8154178816088191
Guatemala,165,0.0036157397718922235,0.08589193592826216,0.08227619615636994,50.07838031319911,0.03913017324326866,0.20599597134747016,0.02185568166332765,0.034109930540309974,0.29571527582896423,3.7828155611771095,1.7441761453820877,0.5332752038773106,0.296018545918997,0.6618632563578218,4.0,2.098530767153499
Macedonia,160,0.0,0.2818199632532187,0.2818199632532187,67.53907637165703,0.04489810663645144,0.3746433815814021,0.03684432021924502,0.036689873561131514,0.30410512499546505,4.8517197235253295,1.7807489274320742,0.573102046132689,0.3025485644163082,0.7380548842685539,7.0,2.91042337397547
Tunisia,160,0.0035565617759995005,0.06863880674623402,0.06508224497023452,55.16967377594312,0.038817368537883125,0.17606647363049455,0.020030402193829643,0.03444194117054433,0.29636987337610887,3.950222240556105,1.662609288087884,0.5068391094069877,0.2968697838567398,0.7050626466617369,6.0,2.908110765530752
Cuba,152,0.003514801958864777,0.07914224981151197,0.07562744785264719,50.05585125942268,0.03646334425063325,0.18865410241059322,0.020244253524991804,0.03205284090747301,0.290123422974677,5.038737494847753,1.712446137710141,0.5221194985882831,0.2906664560512139,0.6810649351144991,6.0,2.6773779470229138
Azerbaijan,146,0.0,0.8612126323703848,0.8612126323703848,109.58411938938255,0.10494003887665225,1.0,0.21072987266732962,0.03795540933719782,0.32412773174671056,5.583513495800497,4.044462016574128,1.027590743412863,0.30569112201563625,0.8512192938603362,4.0,2.542795659279367
Antarctica,145,0.0,0.7647468972157128,0.7647468972157128,94.54676258992806,0.068699577631955,0.8558348833584696,0.11097262396858343,0.04543702089009838,0.32819346764298096,5.829557249910504,1.9053697120134618,0.6979024857273416,0.3234750988754003,0.8004755667072067,4.0,2.2845354648412406
Honduras,144,0.004522311355630193,0.0755927712230815,0.07107045986745131,65.44445352214959,0.04189876289640362,0.2008736224526384,0.022106215227834236,0.037185519999116845,0.302853738177594,3.825644768376316,1.6827160572066595,0.5149177065007388,0.30378185556521403,0.7299080010370946,7.0,2.907573444012089
Ghana,141,0.0028580874210581975,0.08633812793228401,0.08348004051122582,55.22584046572595,0.03644356007508693,0.19828591294709952,0.02139465405503213,0.03154352377271408,0.2887639232287139,8.319224466066386,1.8054837635545158,0.554460984892432,0.2893194557791298,0.7284458356531025,4.0,2.1345825768891418
Bahrain,138,0.0,0.8341598348164796,0.8341598348164796,107.67231943628892,0.0931217678355999,0.999526171466415,0.18856748552436176,0.03619604241549357,0.3187321220457757,7.654665045205679,3.9813526615951624,0.9793364444647696,0.30131322926613935,0.8503929866914316,5.0,2.5951596431627753
Qatar,136,0.005018591271206407,0.07216798531664725,0.06714939404544085,47.901087768440696,0.03729123910179326,0.1627459264982012,0.020399129938308908,0.033070969124442295,0.2908834431207114,8.607766279489608,1.7495363411543425,0.5889859577086575,0.2933325986797336,0.7098894615206368,2.0,1.4617047857413559
Cambodia,133,0.0,0.0632291959629735,0.0632291959629735,49.32027712212607,0.029332796563986168,0.13544183890178962,0.018242747178202987,0.024410365714504167,0.26953621613134476,4.788854964193338,1.9683725822969191,0.6091983229968608,0.2693423195515642,0.7489439037077877,4.0,2.2100192185883594
Mauritius,133,0.0037735804631787717,0.11675666675200391,0.11298308628882514,60.2529767112444,0.04201277734229236,0.24830897791047224,0.024593068304163013,0.036224791986589455,0.3019076503411605,4.0047389012616055,1.7487118177985663,0.5306322138027875,0.3013853297489473,0.7229966185166992,5.0,2.335161317136921
Armenia,126,0.0,0.8415584390164058,0.8415584390164058,91.70108815426998,0.06578891896237744,0.9299460603396846,0.11943478540887578,0.038618459220215506,0.3143170139844437,9.839665350303218,2.225669915116578,0.7823295003898499,0.3073117233697319,0.816779966793589,4.0,2.2140733247362703
Belarus,125,0.005107173105013185,0.41746905207177665,0.41236187896676346,67.8777974260733,0.051800395724354006,0.5449509783526164,0.06678473250623015,0.036259667856188615,0.30652474385778133,5.216698094521647,1.8772421248794595,0.6572297805895878,0.3014727637490827,0.732311934066894,5.0,2.2840942920587146
Uruguay,125,0.004010513913992542,0.08179933022128016,0.07778881630728762,54.191407563025216,0.041213283971331886,0.16597632903106707,0.023362902053198305,0.035092951826661944,0.3002019661615827,3.3643981485974512,1.7696057283238917,0.5314965048872757,0.29852929793982763,0.6785464033700744,4.0,2.2191277364349613
Ethiopia,125,0.0030144159077239996,0.13801656275408902,0.13500214684636502,56.45302127083051,0.040213556473554166,0.22513446460336595,0.02692150955310157,0.03346018830550879,0.29558721827202183,7.199077450194417,1.854359463391213,0.5705329187476499,0.2943428231571506,0.7066125302759193,4.0,2.159168920571506
Moldova,121,0.002712667541956204,0.08931112993007762,0.08659846238812141,51.21123938030984,0.04039833391226246,0.19482288305388962,0.02491044908858062,0.03445748015177019,0.29539144062138073,4.480408542635181,2.0187298827368867,0.6037651891307652,0.2969095347188226,0.7254931904683131,4.0,2.4913942160336293
Barbados,120,0.0,0.05695114144968361,0.05695114144968361,64.31379608441392,0.04347361037139099,0.15310333981738566,0.02214702438903483,0.038853533437070875,0.30673188416106345,3.614591573909549,1.650963838590902,0.5064278693462549,0.30788592004383036,0.7366200382102163,3.0,2.071647051992319
Cape Verde,119,0.0032929988078977956,0.1468090538229978,0.1435160550151,69.8589970501475,0.045212154263373085,0.2635209217317769,0.02928418272986181,0.03828835862547142,0.30537576767730706,4.280853713666635,1.9850639590631016,0.6024017661666954,0.3065031338782335,0.7824376615504939,3.0,2.1099539963480067
British Virgin Isla,118,0.00598023551442195,0.08232296909232484,0.07634273357790289,66.80702426564497,0.046531874902796845,0.24361058247044887,0.028903998150076392,0.03880091275970032,0.3083148692518334,9.659210102883272,1.8990372040400656,0.6517137364418107,0.3077575029295913,0.746365996935346,3.0,2.192535258982873
El Salvador,113,0.0042957726432909515,0.07434499668038674,0.07004922403709579,49.10745364517488,0.03744567056145756,0.16460241577467727,0.020241437661416898,0.03289154453399473,0.2926730021231965,3.732612874093641,1.7134908010759946,0.516161032811091,0.2928652467360998,0.682291554958472,7.0,2.7475274417705973
Kazakhstan,113,0.0,0.06503818674445061,0.06503818674445061,56.94245413637935,0.03920172497852865,0.14848358313117094,0.02190941590192063,0.03358179859907895,0.2951261731273995,3.9650816404620697,1.8134764394307514,0.5551158653790408,0.29465747105904977,0.7201934132801577,5.0,2.449960545770601
Anguilla,112,0.005270055827540365,0.8346880460055985,0.8294179901780582,88.23592878592878,0.0756445905210372,0.9986607833686771,0.1482919809230454,0.042211901722752854,0.3240063481584014,6.615670439456968,2.0923126391553466,0.7782055022428989,0.31595046824960304,0.7892525337151188,6.0,2.6931458044083785
Bolivia,109,0.0,0.6390637137998632,0.6390637137998632,76.8277491749175,0.04758706862508648,0.7092855401757483,0.08730807956434873,0.031405180567332325,0.29249668440003357,5.082065852493905,1.850495375151143,0.6785940999652289,0.28895199930560567,0.818698289346356,4.0,2.225636210624483
Brunei,104,0.00258963377830268,0.12620200977425122,0.12361237599594854,58.730380258899665,0.03776056712648278,0.2190953710665784,0.026794459739162845,0.030466390968066748,0.2887536283890332,5.376547100724132,2.01010698666176,0.5946218048633628,0.2864401135413699,0.7498099418352778,5.0,2.4635674378070562
Sudan,91,0.006054876147824517,0.0876980948053332,0.08164321865750868,51.906374085684426,0.040611126627153216,0.1614208312192894,0.022145795051196602,0.03529666138171372,0.2997996467415161,3.6781014487613417,1.7057644766262774,0.5126320770116694,0.29904602243928935,0.6588125960776341,3.0,1.8431630399548447
Cayman Islands,82,0.005744904627915659,0.13340021148276404,0.12765530685484838,53.48556157783799,0.041320313601750494,0.25835362596124267,0.026756414107390984,0.03542023518887716,0.29966064176417356,4.1102521025524155,1.6904970096324843,0.5335166883002215,0.2993588923990583,0.6994361516600909,3.0,2.007955071646977
Luxembourg,81,0.005966202813698418,0.07372476248277704,0.06775855966907862,55.18379953379954,0.04241633067632439,0.18958189131809255,0.022938984770419866,0.03717036729805523,0.30389292400792234,3.5269006663429945,1.7064383954744202,0.5125396960312374,0.303744248072916,0.706988757743334,4.0,2.2248738447140077
Tanzania,80,0.002989754204118955,0.06632363905520666,0.06333388485108771,39.72284972411554,0.029505199550131103,0.12932402846555457,0.01764611867949252,0.024777540565342537,0.27101013102695776,3.4222286686616306,1.9498662484219196,0.5854190722759852,0.27042977570873955,0.65115814827702,5.0,2.3425657731845906
Guam,79,0.005413313171874656,0.04524874682421398,0.039835433652339325,53.36911597174755,0.03833143481094479,0.1281398474941705,0.01933327932718086,0.03455440584190089,0.29549577238878316,3.914076470410717,1.651981860571937,0.5052170587467701,0.29715735208523636,0.7143979199380139,4.0,2.203131572579771
Nicaragua,77,0.006424627218835632,0.06170074404528614,0.055276116826450505,53.147789473684206,0.04112178094032888,0.13916172426289142,0.02161447821327726,0.03612877946718046,0.30054715610364763,3.5601038209310474,1.701040489242601,0.5317520966599095,0.30114444944181257,0.6809914012738122,4.0,2.381014701821575
Haiti,75,0.0035225333248430912,0.05039587350131791,0.04687334017647482,46.06193922796035,0.033288976988250056,0.12754834280646388,0.018101779242321592,0.028966938319924307,0.2826493289069299,3.2172465516907907,1.7008088081891102,0.5224995465764805,0.2823582376877146,0.6760039541256013,4.0,2.260033930443032
Oman,75,0.004540866915583752,0.0713941351944768,0.06685326827889304,44.86713379164464,0.03525039368214509,0.1422181895822081,0.02010625305103994,0.030089126120869336,0.2867499249786188,3.588557107598559,1.7652658013802487,0.5328848427043994,0.28542140820677225,0.6634475676852611,4.0,2.227618905783408
Mongolia,73,0.0,0.07562789360079392,0.07562789360079392,72.09470827679783,0.034369535437215465,0.1619882617807964,0.02173246820706072,0.02811131453603888,0.282507709257128,3.416426275258325,1.903052046717368,0.5761844906833453,0.27998788304166267,0.8100469134053515,4.0,2.086076273731192
Antigua,73,0.0,0.8349205548024641,0.8349205548024641,162.3505115089514,0.18599801540637503,1.0,0.2896747284360439,0.04785929702145503,0.37813817702543373,5.424564956935217,3.8993027785693086,1.2597421940429112,0.329009798552574,0.8864665498260191,2.0,1.6716890779150575
Aruba,71,0.0,0.8232719678871169,0.8232719678871169,128.61383012820514,0.10225691410441165,0.997499875802274,0.18551701850497682,0.04116326668918069,0.33424875919655256,5.9914148692515266,3.9403579987480235,1.0019264638819618,0.3134590859512819,0.8721692022996904,3.0,2.195377545200766
Cameroon,65,0.004460282182029873,0.06680799372615698,0.062347711544127105,54.14759424603174,0.04047060774486687,0.15748809958044352,0.023406626434492612,0.03517696452717928,0.29672156353246465,4.322672162309015,1.9162477505799371,0.5848100337426206,0.2987425329571952,0.7281820282282433,4.0,2.31396614422442
Macau,62,0.003661849913663251,0.04000753436137827,0.03634568444771502,36.18208898944193,0.030714871475226745,0.08416606914667579,0.014904423001902747,0.027634630054827303,0.27805831684576454,2.7188945147567964,1.5591805216033885,0.4816845097332308,0.27865355585786905,0.640892528206144,4.0,2.205168434444526
Guyana,60,0.0045922489221323914,0.07567272545014203,0.07108047652800964,54.65532015065913,0.04169377167206599,0.17839904206157886,0.024091349064118923,0.035903687745314716,0.30055302294228936,3.7938986202632328,1.7861459608784158,0.550493376569598,0.3005787247320202,0.7236286208361482,5.0,2.6539872082150007
Paraguay,59,0.004983265165127371,0.11638070459813643,0.11139743943300906,51.84214703425229,0.04171333506756716,0.22201056986689782,0.02556105608325415,0.036207078201921095,0.3008655452694314,3.893766047346417,1.6700891895842416,0.535192370986885,0.3013409075364311,0.7166427689526622,4.0,2.221861644650225
Arabian Gulf,59,0.0,0.06614635512902856,0.06614635512902856,85.4981369248036,0.042810756198763046,0.14319765606931945,0.02288587191378207,0.03735953036220219,0.3046065764862806,3.2663674762454145,1.738330666279004,0.519240522982149,0.3042133022486422,0.7971572977076739,4.0,2.392909016107533
Namibia,58,0.0,0.05091718347130403,0.05091718347130403,69.25432098765432,0.037685243072757564,0.16552323944826264,0.020546368277988378,0.032981901833001426,0.293593416096104,3.7161981936563384,1.6455915167154034,0.5012637816353414,0.2931007342972975,0.7712677848295344,5.0,2.546721604238623
Bermuda,57,0.004576073957703541,0.10369103697646087,0.09911496301875733,55.811764069264065,0.04371012796386784,0.18435874540602748,0.026451982057834,0.036791159755570235,0.30446710456357506,4.032853544650866,1.8255771653964605,0.5516608861322115,0.3028011135493589,0.7232644756666,4.0,2.3027097374681333
Belize,55,0.006979122490491707,0.10890101321567114,0.10192189072517943,70.54393198229677,0.04062601230871704,0.2040841641977903,0.02571881972606966,0.034487734711367235,0.2980822536925388,3.550161328600788,1.7483843510213957,0.5367535112859048,0.2969869309329676,0.7715851674345862,4.0,2.2617764576930486
Uzbekistan,54,0.005751533754772664,0.047299208461285436,0.04154767470651277,56.52203676826318,0.03941026949920628,0.13329031678210324,0.017868552787212427,0.03646350638021201,0.29994467219962756,3.0887212530916623,1.4921182226865088,0.45481358008510214,0.3019830544735904,0.7246271935788655,5.0,2.5102201207459314
Maldives,52,0.004100718001091352,0.0658575684335263,0.06175685043243495,45.24630065359478,0.03634650911297236,0.13762676239307303,0.02173806041853499,0.030120176898935203,0.28825627953675276,3.537484371947552,1.8050074235856481,0.5520596911207357,0.285505458625615,0.7056110139459822,4.0,2.4737517323305975
Somalia,51,0.003529257572316147,0.06705519591787112,0.06352593834555498,40.644019274376426,0.03219482614394657,0.15235197739876238,0.01804785419324739,0.027576657761115064,0.28075543071474607,3.348091468202621,1.6424947051940229,0.48996361346578077,0.27849058854483905,0.663017058616,3.0,1.843634627367486
Botswana,51,0.003939550604112885,0.6779263388290195,0.6739867882249067,84.33698872785831,0.07088881069938233,0.8096144807340289,0.12848760335173423,0.03852440132917723,0.3147530321569988,8.228705624856596,2.225836480715047,0.8751221358327669,0.30708159914335753,0.8332162037835271,3.0,2.3696876795050836
Fiji,45,0.005486991069234559,0.06601281723950558,0.060525826170271024,47.42511784511784,0.035679665084114645,0.11868160647776926,0.01783572225694567,0.032255150756139994,0.2897507800660585,5.2226839289805955,1.6638385568137313,0.49975218983013003,0.29119901213140453,0.6699470616538,4.0,2.17826502584365
Senegal,45,0.004797854992179218,0.04770879993269472,0.042910944940515505,70.90890243902439,0.03557125441336063,0.09215395476367216,0.016492800595575133,0.03352809797757961,0.2892707644094013,3.1799762501260873,1.7168883786096525,0.5210781864644626,0.2945185846987639,0.8359497850141714,2.0,1.6791029500324075
Zambia,42,0.0064172527918057165,0.06527248777239492,0.0588552349805892,49.23,0.039137743191049894,0.12901530479102408,0.0207535710596614,0.034925653475362195,0.2964284463043899,3.831982889909037,1.710750731493055,0.5223892203867203,0.2981040241277891,0.7136080623889821,4.0,2.09928500732126
Yemen,38,0.004484222587381348,0.7749014978532507,0.7704172752658693,86.35605605605605,0.08079038767630053,0.816167566318958,0.16639487001904066,0.038392728650863905,0.3160024752011776,4.8974685439187375,4.011022699952537,0.8806372455774397,0.30675908037069066,0.8404504693131849,4.0,2.1765733251882757
Mozambique,37,0.003620965065272763,0.03401974652417783,0.030398781458905066,40.571843434343435,0.02882975945760696,0.08219231942552763,0.01467005353249376,0.025021307434507534,0.27223877686389353,3.7587658040163414,1.6362044185948528,0.5156543735313193,0.27114749196443605,0.7562139204866192,5.0,2.761223812131301
Rwanda,37,0.0025797006550878354,0.04467425702582217,0.04209455637073434,40.861051693404626,0.03154501395429897,0.0873625142101776,0.01678453759891908,0.027103014039802975,0.27724688744936404,4.993206472056999,1.788849566448194,0.5780882030325709,0.2771533867577354,0.7025092781292636,3.0,1.8671737033150655
British Indian Ocea,34,0.006204779944052885,0.10583987084938806,0.09963509090533518,,,,,,,,,,,,,
Gibraltar,34,0.0044495772690056334,0.06167699978043739,0.05722742251143176,,,,,,,,,,,,,
Borneo,32,0.006277066883888072,0.44596316692362326,0.4396861000397352,,,,,,,,,,,,,
Bhutan,30,0.0047428316234137124,0.5721320023478618,0.567389170724448,,,,,,,,,,,,,
Ivory Coast,30,0.006953070581503407,0.5128185137667853,0.5058654431852819,,,,,,,,,,,,,
Suriname,28,0.004520129117880578,0.05594931776011269,0.051429188642232115,,,,,,,,,,,,,
St Lucia,27,0.007251932133500949,0.036843103961423984,0.029591171827923035,,,,,,,,,,,,,
Libyan Arab Jamahir,26,0.006623784673730593,0.06674708099647597,0.06012329632274538,,,,,,,,,,,,,
Faeroe Islands,25,0.010596609774335297,0.05481051386074165,0.04421390408640635,,,,,,,,,,,,,
Central African Rep,25,0.007474115516136748,0.052090614826772574,0.044616499310635827,,,,,,,,,,,,,
Turks and Caicos Is,25,0.005127631341391714,0.06985035629693614,0.06472272495554443,,,,,,,,,,,,,
Montenegro,25,0.005107702844894146,0.030547140156944486,0.02543943731205034,,,,,,,,,,,,,
Netherlands Antille,24,0.0033222619240733664,0.04245859334461222,0.03913633142053885,,,,,,,,,,,,,
Northern Mariana Is,23,0.005103944695832419,0.06225643570106354,0.05715249100523112,,,,,,,,,,,,,
Papua New Guinea,22,0.004723102933666956,0.09001940507778639,0.08529630214411943,,,,,,,,,,,,,
New Caledonia,22,0.003889475790515906,0.040331482673758745,0.03644200688324284,,,,,,,,,,,,,
Vanuatu,21,0.007197016428426628,0.574166072158206,0.5669690557297794,,,,,,,,,,,,,
Eritrea,21,0.007269935576321274,0.05693898309600154,0.049669047519680265,,,,,,,,,,,,,
Kyrgystan,20,0.005293414492950066,0.05958210740160386,0.05428869290865379,,,,,,,,,,,,,
Vatican City,20,0.01324753002347867,0.11224577460694762,0.09899824458346895,,,,,,,,,,,,,
Liberia,18,0.005483803461801329,0.03218275408323901,0.026698950621437678,,,,,,,,,,,,,
Greenland,18,0.004223711545640496,0.07873120689372026,0.07450749534807977,,,,,,,,,,,,,
Madagascar,18,0.006949074323364668,0.030701909007682437,0.02375283468431777,,,,,,,,,,,,,
Burundi,18,0.0,0.03787451934123032,0.03787451934123032,,,,,,,,,,,,,
Saint Vincent and the Grenadines,17,0.004336812187347272,0.029183110218345854,0.02484629803099858,,,,,,,,,,,,,
Gabon,17,0.005026262723306529,0.047148569368647086,0.04212230664534056,,,,,,,,,,,,,
Grenada,17,0.0049160316498103596,0.033149252510488614,0.028233220860678254,,,,,,,,,,,,,
Gambia,16,0.0023651835421790723,0.041172149906448685,0.03880696636426961,,,,,,,,,,,,,
French Guiana,16,0.0,0.03548161375338166,0.03548161375338166,,,,,,,,,,,,,
Tuvalu,16,0.006713829106272717,0.05196303400611768,0.045249204899844964,,,,,,,,,,,,,
Togo,16,0.004115340590277294,0.041733019051996334,0.03761767846171904,,,,,,,,,,,,,
Benin,16,0.0,0.043534290323592684,0.043534290323592684,,,,,,,,,,,,,
North Korea,15,0.00389637907909135,0.06646493702728962,0.06256855794819827,,,,,,,,,,,,,
Reunion,15,0.004528002048553859,0.05082878787192202,0.04630078582336816,,,,,,,,,,,,,
Lesotho,15,0.005807579825825138,0.05315685465819864,0.0473492748323735,,,,,,,,,,,,,
Pitcairn Islands,15,0.006823546532748748,0.056453540491507304,0.049629993958758556,,,,,,,,,,,,,
Malawi,15,0.004266509259082674,0.04506686810179972,0.040800358842717044,,,,,,,,,,,,,
Congo,15,0.004620532345137818,0.08851498446525652,0.0838944521201187,,,,,,,,,,,,,
Sierra Leone,14,0.0030109267978095655,0.16923889908350231,0.16622797228569275,,,,,,,,,,,,,
Martinique,14,0.00984074484745201,0.03335296421997336,0.023512219372521348,,,,,,,,,,,,,
Samoa,14,0.0060236296116686905,0.032154400990123455,0.026130771378454765,,,,,,,,,,,,,
Micronesia,14,0.006200653242750986,0.043562701225994815,0.03736204798324383,,,,,,,,,,,,,
Burkina Fasso,14,0.006757836999297218,0.8322687871031507,0.8255109501038534,,,,,,,,,,,,,
East Timor,14,0.003423116230109602,0.030187457408116014,0.026764341178006412,,,,,,,,,,,,,
Western Sahara,14,5.4468289847897644e-05,0.1325864439803971,0.1325319756905492,,,,,,,,,,,,,
Swaziland,14,0.009236229760767656,0.06148723965439895,0.052251009893631295,,,,,,,,,,,,,
Chad,13,0.007795098849587734,0.05768374060927106,0.04988864175968333,,,,,,,,,,,,,
Turkmenistan,13,0.008706347051409935,0.030260863986922848,0.021554516935512913,,,,,,,,,,,,,
Republic of Moldavi,13,0.004456261913818094,0.029538892644171644,0.02508263073035355,,,,,,,,,,,,,
French Polynesia,12,0.008440913825353835,0.06034728396009903,0.051906370134745194,,,,,,,,,,,,,
Bouvet Island,12,0.00312018245381418,0.7677087739758093,0.7645885915219951,,,,,,,,,,,,,
Palau,12,0.004625187867955405,0.06890136648293455,0.06427617861497914,,,,,,,,,,,,,
Monaco,11,0.004542209093459704,0.04749039427570001,0.042948185182240306,,,,,,,,,,,,,
Seychelles,11,0.006985991780609102,0.046308769455023935,0.03932277767441483,,,,,,,,,,,,,
Mauritania,11,0.01137308063565734,0.0552889998406042,0.04391591920494686,,,,,,,,,,,,,
Lao P.Dem.R.,10,0.005153387995275538,0.026265127625154427,0.02111173962987889,,,,,,,,,,,,,
Guadeloupe,10,0.010647018389934204,0.052215574989692315,0.04156855659975811,,,,,,,,,,,,,
Norfolk Island,10,0.016090372416765364,0.8492113232102596,0.8331209507934942,,,,,,,,,,,,,
Solomon Islands,10,0.009258160503786583,0.031076535767169067,0.021818375263382483,,,,,,,,,,,,,
Guinea,10,0.0032064062228251977,0.0822605378305693,0.0790541316077441,,,,,,,,,,,,,
Christmas Island (A,10,0.006230542748985823,0.060406046181520345,0.05417550343253452,,,,,,,,,,,,,
Saint Helena,9,0.005422178366729424,0.04457075626137219,0.039148577894642766,,,,,,,,,,,,,
Cocos (Keeling) Isl,8,0.01294030750903774,0.054736213454136484,0.041795905945098744,,,,,,,,,,,,,
Equatorial Guinea,8,0.006227641083741742,0.03094561265022544,0.0247179715664837,,,,,,,,,,,,,
Djibouti,8,0.01008390620440136,0.056105276877400634,0.04602137067299927,,,,,,,,,,,,,
Zaire,8,0.00401523876182297,0.03167380832633537,0.027658569564512403,,,,,,,,,,,,,
Cook Islands,8,0.008679056972038746,0.04325776835125272,0.03457871137921398,,,,,,,,,,,,,
Comoros,7,0.007291454509019468,0.016491387954252423,0.009199933445232955,,,,,,,,,,,,,
Falkland Islands,7,0.011607507291781616,0.0314804717887055,0.019872964496923884,,,,,,,,,,,,,
Svalbard & Jan Maye,6,0.010224029633191467,0.0788760130374101,0.06865198340421863,,,,,,,,,,,,,
Mali,6,0.0029342210445413297,0.04333783632689325,0.04040361528235192,,,,,,,,,,,,,
Tonga,6,0.0064111495493461845,0.022432270380277175,0.01602112083093099,,,,,,,,,,,,,
Saint Kitts and Nev,6,0.00402712764405766,0.021901760934765258,0.017874633290707598,,,,,,,,,,,,,
Marshall Islands,6,0.006185696308449895,0.027315694063897555,0.02112999775544766,,,,,,,,,,,,,
Tokelau,5,0.0045337730850887326,0.13870446800737357,0.13417069492228484,,,,,,,,,,,,,
Republic of,5,0.006817328343206475,0.02091747197085836,0.014100143627651884,,,,,,,,,,,,,
Wake Island,5,0.008390819036320885,0.05436894874885467,0.04597812971253379,,,,,,,,,,,,,
Tajikistan,4,0.002957225412099529,0.042774969128777984,0.039817743716678455,,,,,,,,,,,,,
San Marino,4,0.003214706320749716,0.019705019930809864,0.016490313610060148,,,,,,,,,,,,,
Guinea-Bissau,4,0.009160463353289794,0.04056167132157984,0.031401207968290046,,,,,,,,,,,,,
Nauru,4,0.0,0.011361014832445226,0.011361014832445226,,,,,,,,,,,,,
Niue,4,0.004299964117492672,0.02806050523174819,0.023760541114255518,,,,,,,,,,,,,
Johnston Is,3,0.006078998290277582,0.010900628318762484,0.004821630028484902,,,,,,,,,,,,,
Liechtenstein,3,0.005664307478865815,0.014858298566572836,0.00919399108770702,,,,,,,,,,,,,
Wallis and,2,0.006791017507111863,0.010032950621471137,0.0032419331143592744,,,,,,,,,,,,,
and,2,0.0038704459093972243,0.0038737980346752465,3.3521252780222e-06,,,,,,,,,,,,,
Montserrat,2,0.007541343861357186,0.009924532109663486,0.0023831882483063005,,,,,,,,,,,,,
key,2,0.008268276485762782,0.011999255182228108,0.0037309786964653258,,,,,,,,,,,,,
Wallis and Futuna I,2,0.02025114945269968,0.026581764500396177,0.006330615047696497,,,,,,,,,,,,,
ada,1,0.0,0.0,0.0,,,,,,,,,,,,,
gal,1,0.0,0.0,0.0,,,,,,,,,,,,,
A,1,0.0,0.0,0.0,,,,,,,,,,,,,
Sao Tome and Princi,1,0.0,0.0,0.0,,,,,,,,,,,,,
Saint Pierre and Mi,1,0.0,0.0,0.0,,,,,,,,,,,,,
Republic,1,0.0,0.0,0.0,,,,,,,,,,,,,
K,1,0.0,0.0,0.0,,,,,,,,,,,,,
am,1,0.0,0.0,0.0,,,,,,,,,,,,,
d,1,0.0,0.0,0.0,,,,,,,,,,,,,
na,1,0.0,0.0,0.0,,,,,,,,,,,,,
